https://twitter.com/H5T42/status/1730781562210554311,2023-12-02
https://twitter.com/H5T42/status/1729681263546470439,2023-11-29
https://twitter.com/H5T42/status/1728722799597133932,2023-11-26
https://twitter.com/H5T42/status/1727588367523537205,2023-11-23
https://twitter.com/H5T42/status/1726480328225960181,2023-11-20
https://twitter.com/H5T42/status/1725426115513389119,2023-11-17
https://twitter.com/H5T42/status/1724302940083810359,2023-11-14
https://twitter.com/H5T42/status/1723180167861047528,2023-11-11
https://twitter.com/H5T42/status/1722247484679049282,2023-11-08
https://twitter.com/H5T42/status/1721082435012861976,2023-11-05
https://twitter.com/H5T42/status/1719966084605116439,2023-11-02
https://twitter.com/H5T42/status/1718908302489436575,2023-10-30
https://twitter.com/H5T42/status/1717717337934344312,2023-10-27
https://twitter.com/H5T42/status/1716722508479733849,2023-10-24
https://twitter.com/H5T42/status/1715689482467651950,2023-10-21
https://twitter.com/H5T42/status/1714457568540807347,2023-10-18
https://twitter.com/H5T42/status/1713549574047174998,2023-10-15
https://twitter.com/H5T42/status/1712369029908963359,2023-10-12

